index,playerID,teamID,G,AB,PA,H,1B,2B,3B,HR,R,RBI,BB,IBB,SO,HBP,SF,SH,GDP,SB,CS,AVG
1177,Albert Pujols,STL,109,307,351,83,45,14,0,24,42,68,28,1,55,10,6,0,13,1,2,0.27
1744,Miguel Cabrera,DET,112,397,433,101,86,10,0,5,25,43,28,3,101,3,5,0,11,1,0,0.254
2136,David Peralta,- - -,134,439,490,110,65,30,3,12,39,59,41,5,114,4,6,0,8,1,3,0.251
2396,Carlos Santana,- - -,131,431,506,87,50,18,0,19,52,60,71,2,88,2,2,0,9,0,0,0.202
2434,Nelson Cruz,WSN,124,448,507,105,79,16,0,10,50,64,49,1,119,4,3,0,16,4,0,0.234
2900,Roberto Perez,PIT,21,60,69,14,10,2,0,2,8,8,9,0,25,0,0,0,1,0,0,0.233
2967,Tommy Pham,- - -,144,554,622,131,90,23,1,17,89,63,56,0,167,7,5,0,20,8,3,0.236
3142,Robinson Chirinos,BAL,67,195,220,35,22,9,0,4,10,22,19,0,67,4,1,1,4,1,0,0.179
3269,Robinson Cano,- - -,33,100,104,15,13,1,0,1,5,4,4,0,25,0,0,0,2,0,0,0.15
3298,Charlie Culberson,TEX,70,115,124,29,21,6,0,2,19,12,5,0,31,0,0,4,5,2,3,0.252
3473,Anthony Rizzo,NYY,130,465,548,104,50,21,1,32,77,75,58,6,101,23,2,0,13,6,5,0.224
3516,Eric Hosmer,- - -,104,380,419,102,75,19,0,8,38,44,37,5,64,1,1,0,12,0,0,0.268
4106,Michael Brantley,HOU,64,243,277,70,50,14,1,5,28,26,31,2,30,1,1,1,1,1,1,0.288
4314,Joey Votto,CIN,91,322,376,66,36,18,1,11,31,41,44,0,97,10,0,0,8,0,0,0.205
4418,Jed Lowrie,OAK,50,167,184,30,22,5,0,3,14,16,15,0,39,0,2,0,5,1,0,0.18
4892,Mike Moustakas,CIN,78,252,285,54,35,12,0,7,30,25,24,0,75,6,3,0,8,2,0,0.214
4940,Jason Heyward,CHC,48,137,151,28,21,5,1,1,15,10,11,0,32,3,0,0,3,1,0,0.204
4949,Giancarlo Stanton,NYY,110,398,452,84,46,7,0,31,53,78,50,2,137,0,3,0,8,0,0,0.211
5000,Stephen Vogt,OAK,70,168,191,27,15,4,1,7,18,23,17,0,46,2,4,0,4,1,0,0.161
5038,Josh Donaldson,NYY,132,478,546,106,63,28,0,15,59,62,54,1,148,8,6,0,13,2,2,0.222
5222,Justin Upton,SEA,17,48,57,6,4,1,0,1,2,3,6,0,23,3,0,0,1,0,0,0.125
5235,Justin Turner,LAD,128,468,532,130,81,36,0,13,61,81,50,1,89,6,8,0,13,3,0,0.278
5254,Robbie Grossman,- - -,129,411,477,86,59,19,1,7,40,45,56,0,129,6,4,0,3,6,2,0.209
5273,Sandy Leon,- - -,34,71,86,12,9,3,0,0,6,4,13,0,27,0,0,2,2,0,0,0.169
5297,Aaron Hicks,NYY,130,384,453,83,64,9,2,8,54,40,63,3,109,3,2,1,10,10,3,0.216
5343,Brandon Crawford,SFG,118,407,458,94,68,15,2,9,50,52,39,3,98,8,4,0,12,1,1,0.231
5361,Freddie Freeman,LAD,159,612,708,199,129,47,2,21,117,100,84,12,102,5,7,0,6,13,3,0.325
5384,Juan Lagares,LAA,20,60,62,11,8,2,1,0,4,0,2,0,15,0,0,0,0,0,0,0.183
5417,Jose Altuve,HOU,141,527,604,158,91,39,0,28,103,57,66,2,87,10,1,0,13,18,1,0.3
5452,Ji-Man Choi,TBR,113,356,419,83,50,22,0,11,36,52,58,3,123,2,3,0,3,0,0,0.233
5491,Austin Romine,- - -,51,129,136,20,14,3,0,3,10,9,4,0,46,1,0,2,2,0,0,0.155
5497,Marwin Gonzalez,NYY,86,184,207,34,21,7,0,6,20,18,14,0,54,4,2,3,8,3,0,0.185
5517,Kyle Higashioka,NYY,83,229,248,52,35,7,0,10,27,31,12,0,52,1,4,2,5,0,1,0.227
5760,Avisail Garcia,MIA,98,357,380,80,63,9,0,8,31,35,17,0,109,4,2,0,12,4,0,0.224
5827,Wilmer Flores,SFG,151,525,602,120,72,28,1,19,72,71,59,1,103,11,7,0,7,0,0,0.229
5913,Leury Garcia,CHW,97,300,315,63,52,8,0,3,38,20,7,0,65,3,3,2,6,2,0,0.21
5933,Jean Segura,PHI,98,354,387,98,79,9,0,10,45,33,25,1,58,7,1,0,16,13,6,0.277
6012,Didi Gregorius,PHI,63,214,232,45,31,9,4,1,17,19,13,0,36,3,2,0,0,1,0,0.21
6153,Eduardo Escobar,NYM,136,495,542,119,69,26,4,20,58,69,40,3,129,1,6,0,4,0,2,0.24
6184,J.D. Martinez,BOS,139,533,596,146,86,43,1,16,76,62,52,1,145,5,5,0,20,0,0,0.274
6310,Alcides Escobar,WSN,42,124,131,27,21,4,2,0,12,8,5,0,32,2,0,0,1,1,1,0.218
6887,Martin Maldonado,HOU,113,344,379,64,37,12,0,15,40,45,22,0,116,7,2,4,6,0,0,0.186
7007,Yadier Molina,STL,80,262,270,56,43,8,0,5,19,24,5,0,40,2,1,0,10,2,0,0.214
7304,Salvador Perez,KCR,114,445,473,113,66,23,1,23,48,76,18,2,109,7,3,0,9,0,0,0.254
7739,Travis d'Arnaud,ATL,107,396,426,106,62,25,1,18,61,60,19,0,90,11,0,0,12,0,0,0.268
7802,Miguel Rojas,MIA,140,471,507,111,84,19,2,6,34,36,26,1,61,6,3,1,12,9,3,0.236
7859,Charlie Blackmon,COL,135,530,577,140,96,22,6,16,60,78,32,4,109,8,3,4,10,4,1,0.264
8090,Matt Carpenter,NYY,47,128,154,39,15,9,0,15,28,37,19,1,35,5,1,1,2,0,0,0.305
8202,Josh Harrison,CHW,119,386,425,99,71,19,2,7,50,27,21,0,71,14,2,2,9,2,1,0.256
8203,Dee Strange-Gordon,WSN,23,59,59,18,16,1,1,0,6,2,0,0,8,0,0,0,1,3,2,0.305
8259,Kurt Suzuki,LAA,51,139,159,25,17,4,0,4,10,15,15,0,29,2,2,1,3,0,0,0.18
8418,Ehire Adrianza,- - -,37,97,110,17,14,3,0,0,8,7,11,0,25,1,1,0,2,1,0,0.175
8623,Donovan Solano,CIN,80,278,304,79,59,16,0,4,22,24,19,1,61,5,2,0,5,0,0,0.284
8709,Elvis Andrus,- - -,149,535,577,133,84,32,0,17,66,58,39,0,92,3,0,0,11,18,4,0.249
8722,Jason Castro,HOU,34,78,88,9,6,2,0,1,6,3,8,0,40,1,1,0,1,1,0,0.115
9077,Lorenzo Cain,MIL,43,145,156,26,20,5,0,1,17,9,8,0,36,2,1,0,4,2,2,0.179
9218,Paul Goldschmidt,STL,151,561,651,178,102,41,0,35,106,115,79,1,141,5,4,0,7,7,0,0.317
9241,Starling Marte,NYM,118,466,505,136,91,24,5,16,76,63,26,0,97,13,0,0,18,18,9,0.292
9256,A.J. Pollock,CHW,138,489,527,120,79,26,1,14,61,56,32,0,98,2,4,0,13,3,1,0.245
9368,Evan Longoria,SFG,89,266,298,65,38,13,0,14,31,42,27,2,83,2,3,0,6,0,0,0.244
9627,Yan Gomes,CHC,86,277,293,65,45,12,0,8,23,31,8,0,47,3,4,1,15,2,0,0.235
9774,Christian Vazquez,- - -,119,398,426,109,77,23,0,9,41,52,22,0,69,3,3,0,10,1,4,0.274
9777,Nolan Arenado,STL,148,557,620,163,90,42,1,30,73,103,52,3,72,7,4,0,15,5,3,0.293
9847,Andrew McCutchen,MIL,134,515,580,122,80,25,0,17,66,69,57,1,124,4,4,0,10,8,6,0.237
9874,DJ LeMahieu,NYY,125,467,541,122,92,18,0,12,74,46,67,0,71,4,2,1,12,4,3,0.261
9929,Darin Ruf,- - -,119,334,388,68,45,12,0,11,52,45,45,0,105,6,3,0,11,2,0,0.204
9952,Trayce Thompson,- - -,80,219,255,56,28,14,1,13,36,41,32,0,93,2,2,0,2,4,1,0.256
10028,Christian Bethancourt,- - -,101,318,333,80,52,17,0,11,39,34,12,0,80,2,0,1,6,5,1,0.252
10030,Chris Owings,BAL,27,56,68,6,4,2,0,0,6,0,10,0,24,1,0,1,3,1,0,0.107
10047,Wil Myers,SDP,77,261,286,68,46,15,0,7,29,41,21,1,86,1,3,0,7,2,1,0.261
10059,Max Stassi,LAA,102,333,375,60,38,12,1,9,32,30,38,0,112,2,1,1,12,0,0,0.18
10071,Jonathan Villar,- - -,59,202,220,42,31,6,2,3,25,18,15,0,59,0,2,1,4,7,0,0.208
10155,Mike Trout,LAA,119,438,499,124,54,28,2,40,85,80,54,8,139,6,1,0,6,1,0,0.283
10200,Tucker Barnhart,DET,94,281,308,62,51,10,0,1,16,16,25,0,74,1,0,1,7,0,0,0.221
10231,Jose Iglesias,COL,118,439,467,128,95,30,0,3,48,47,17,0,56,8,3,0,12,2,3,0.292
10243,Randal Grichuk,COL,141,506,538,131,88,21,3,19,60,73,24,0,127,6,2,0,12,4,0,0.259
10264,Brandon Belt,SFG,78,254,298,54,36,9,1,8,25,23,37,2,81,6,1,0,9,1,0,0.213
10323,Rafael Ortega,CHC,118,316,371,76,54,14,1,7,35,35,44,2,74,2,7,1,10,12,7,0.241
10324,Marcell Ozuna,ATL,124,470,507,106,64,19,0,23,56,56,31,0,122,2,4,0,12,2,1,0.226
10472,Enrique Hernandez,BOS,93,361,402,80,50,24,0,6,48,45,34,0,71,3,4,0,11,0,2,0.222
10556,Cesar Hernandez,WSN,147,560,617,139,106,28,4,1,64,34,45,0,114,7,2,3,9,10,4,0.248
10681,Gio Urshela,MIN,144,501,551,143,100,27,3,13,61,64,41,2,96,2,7,0,21,1,0,0.285
10762,Corey Dickerson,STL,97,281,297,75,51,17,1,6,28,36,12,1,48,2,2,0,4,0,0,0.267
10815,Jurickson Profar,SDP,152,575,658,140,87,36,2,15,82,58,73,0,103,4,3,3,12,5,1,0.243
10847,Andrelton Simmons,CHC,35,75,85,13,12,1,0,0,8,7,7,0,13,0,0,3,5,4,0,0.173
10950,Adam Duvall,ATL,86,287,315,61,32,16,1,12,39,36,21,0,101,5,2,0,2,0,2,0.213
10953,Phil Gosselin,- - -,34,74,77,11,10,0,1,0,6,2,2,0,24,1,0,0,1,0,0,0.149
11038,Kevin Kiermaier,TBR,63,206,221,47,32,8,0,7,28,22,14,0,61,1,0,0,2,6,1,0.228
11200,Kole Calhoun,TEX,125,388,424,76,49,14,1,12,36,49,27,0,136,6,3,0,6,3,2,0.196
11265,Jonathan Schoop,DET,131,481,510,97,62,23,1,11,48,38,19,1,107,6,4,0,15,5,0,0.202
11281,Whit Merrifield,- - -,139,504,550,126,86,28,1,11,70,58,38,0,85,0,8,0,11,16,5,0.25
11339,Jake Marisnick,PIT,31,77,82,18,10,6,0,2,9,6,4,1,24,0,0,1,2,2,1,0.234
11342,Jesus Aguilar,- - -,129,464,507,109,74,19,0,16,39,51,28,1,119,4,5,0,8,1,0,0.235
11368,Yasmani Grandal,CHW,99,327,376,66,54,7,0,5,15,27,45,1,79,2,2,0,8,1,0,0.202
11442,Gary Sanchez,MIN,128,419,471,86,46,24,0,16,42,61,40,0,136,7,5,0,12,2,0,0.205
11445,Mark Canha,NYM,140,462,542,123,86,24,0,13,71,61,48,1,97,28,4,0,3,3,1,0.266
11476,Odubel Herrera,PHI,62,185,197,44,29,9,1,5,23,21,11,0,42,0,1,0,3,6,0,0.238
11477,Christian Yelich,MIL,154,575,671,145,102,25,4,14,99,57,88,5,162,5,2,1,9,19,3,0.252
11489,Michael A. Taylor,KCR,124,414,456,105,83,10,3,9,49,43,35,0,109,2,3,2,6,4,2,0.254
11493,Manny Machado,SDP,150,578,644,172,102,37,1,32,100,102,63,10,133,1,2,0,12,9,1,0.298
11579,Bryce Harper,PHI,99,370,426,106,59,28,1,18,63,65,46,9,87,3,7,0,13,11,4,0.286
11609,Willson Contreras,CHC,113,416,487,101,54,23,2,22,65,55,45,0,103,24,2,0,14,4,2,0.243
11615,Brandon Drury,- - -,138,518,568,136,75,31,2,28,87,87,38,0,126,8,4,0,8,2,3,0.263
11680,Elias Diaz,COL,105,351,381,80,51,18,2,9,29,51,25,0,82,2,3,0,8,0,1,0.228
11737,Nick Castellanos,PHI,136,524,558,138,98,27,0,13,56,62,29,0,130,3,2,0,15,7,1,0.263
11739,J.T. Realmuto,PHI,139,504,562,139,86,26,5,22,75,84,41,1,119,12,5,0,7,21,1,0.276
11899,Joc Pederson,SFG,134,380,433,104,59,19,3,23,57,70,42,3,100,7,4,0,5,3,2,0.274
11902,Hanser Alberto,LAD,73,156,159,38,25,9,2,2,13,15,3,0,25,0,0,0,7,0,1,0.244
12037,Jon Berti,MIA,102,358,404,86,62,17,3,4,47,28,42,0,89,3,1,0,6,41,5,0.24
12144,Max Kepler,MIN,115,388,446,88,60,18,1,9,54,43,49,1,66,5,4,0,7,3,2,0.227
12147,Nick Ahmed,ARI,17,52,54,12,7,2,0,3,7,7,2,0,15,0,0,0,2,0,1,0.231
12155,Eddie Rosario,ATL,80,250,270,53,35,12,1,5,27,24,17,0,68,0,3,0,3,3,0,0.212
12158,Austin Barnes,LAD,62,179,212,38,24,6,0,8,31,26,27,0,37,3,1,2,5,2,1,0.212
12160,Ben Gamel,PIT,115,371,423,86,55,20,2,9,42,46,48,2,98,3,1,0,5,5,1,0.232
12161,Xander Bogaerts,BOS,150,557,631,171,118,38,0,15,84,73,57,2,118,10,7,0,14,8,2,0.307
12164,Miguel Sano,MIN,20,60,71,5,4,0,0,1,1,3,9,0,25,1,1,0,0,1,0,0.083
12179,Maikel Franco,WSN,103,371,388,85,61,15,0,9,31,39,12,0,75,2,3,0,18,1,0,0.229
12180,Jorge Alfaro,SDP,82,256,274,63,42,14,0,7,25,40,11,0,98,4,3,0,5,1,0,0.246
12198,Jake Hager,ARI,28,50,59,12,10,2,0,0,4,3,8,0,17,0,0,1,0,0,0,0.24
12282,Rougned Odor,BAL,135,426,472,88,53,19,3,13,49,53,32,1,109,10,4,0,9,6,1,0.207
12325,Jace Peterson,MIL,113,288,328,68,44,14,2,8,44,34,33,2,85,2,3,2,8,12,1,0.236
12371,Tommy La Stella,SFG,60,180,195,43,27,14,0,2,17,14,11,0,30,1,3,0,4,0,0,0.239
12510,Curt Casali,- - -,57,148,176,30,21,4,0,5,20,17,24,0,50,2,2,0,1,0,0,0.203
12532,Kolten Wong,MIL,134,430,497,108,65,24,4,15,65,47,46,2,88,14,5,2,5,17,6,0.251
12533,Marcus Semien,TEX,161,657,724,163,101,31,5,26,101,83,53,0,120,4,10,0,7,25,8,0.248
12546,C.J. Cron,COL,150,575,632,148,88,28,3,29,79,102,43,6,164,8,5,0,16,0,0,0.257
12552,Eugenio Suarez,SEA,150,543,629,128,71,24,2,31,76,87,73,0,196,8,5,0,12,0,0,0.236
12564,Trevor Story,BOS,94,357,396,85,47,22,0,16,53,66,32,4,122,3,4,0,9,13,0,0.238
12775,Brad Miller,TEX,81,222,241,47,37,3,0,7,20,32,18,0,70,0,1,0,3,4,2,0.212
12856,George Springer,TOR,133,513,583,137,86,22,4,25,89,76,54,1,100,7,5,0,7,14,2,0.267
12859,James McCann,NYM,61,174,191,34,25,6,0,3,19,18,11,0,46,4,2,0,5,3,0,0.195
12861,Anthony Rendon,LAA,47,166,193,38,23,10,0,5,15,24,23,0,35,2,2,0,7,2,0,0.229
12916,Francisco Lindor,NYM,161,630,706,170,114,25,5,26,98,107,59,2,133,10,7,0,11,16,6,0.27
12927,Brandon Nimmo,NYM,151,580,673,159,106,30,7,16,102,64,71,0,116,16,3,3,9,3,2,0.274
12976,Austin Hedges,CLE,105,294,338,48,37,4,0,7,26,30,25,0,78,6,3,10,12,2,0,0.163
12977,Michael Perez,- - -,45,121,132,18,12,0,0,6,10,14,10,0,32,0,0,1,2,1,0,0.149
12979,Javier Baez,DET,144,555,590,132,84,27,4,17,64,67,26,1,147,6,3,0,13,9,2,0.238
12984,Jackie Bradley Jr.,- - -,132,344,370,70,42,23,1,4,30,38,24,0,77,0,0,2,5,2,3,0.203
13066,Teoscar Hernandez,TOR,131,499,535,133,72,35,1,25,71,77,34,0,152,2,0,0,18,6,3,0.267
13145,Josh Bell,- - -,156,552,647,147,98,29,3,17,78,71,81,4,102,5,6,0,22,0,1,0.266
13152,Jorge Polanco,MIN,104,375,445,88,56,16,0,16,54,56,64,1,95,2,4,0,4,3,3,0.235
13185,Orlando Arcia,ATL,68,209,234,51,33,9,0,9,25,30,21,0,51,2,2,0,7,0,0,0.244
13265,Mike Zunino,TBR,36,115,123,17,9,3,0,5,7,16,6,0,46,1,1,0,2,0,0,0.148
13301,Max Muncy,LAD,136,464,565,91,47,22,1,21,69,69,90,1,141,5,6,0,2,2,0,0.196
13324,Ildemaro Vargas,- - -,63,209,222,55,37,13,1,4,19,23,8,0,23,3,1,1,6,3,1,0.263
13329,Jake Lamb,- - -,41,97,111,21,11,6,1,3,13,6,11,0,38,3,0,0,4,0,1,0.216
13338,Omar Narvaez,MIL,84,262,296,54,37,12,1,4,21,23,29,1,57,3,1,1,4,0,0,0.206
13355,Luke Maile,CLE,76,181,206,40,27,10,0,3,19,17,19,0,54,3,3,0,6,0,0,0.221
13359,Tyler Naquin,- - -,105,310,334,71,37,19,4,11,47,46,19,2,93,4,0,1,3,4,2,0.229
13367,Stephen Piscotty,OAK,42,126,139,24,15,4,0,5,12,14,9,1,48,2,2,0,2,2,0,0.19
13419,Christian Walker,ARI,160,583,667,141,78,25,2,36,84,94,69,2,131,8,7,0,15,2,2,0.242
13510,Jose Ramirez,CLE,157,601,685,168,90,44,5,29,91,126,69,20,82,6,9,0,5,20,7,0.28
13546,Roman Quinn,- - -,44,79,87,17,12,3,2,0,15,7,7,0,36,1,0,0,0,4,3,0.215
13590,Jesse Winker,SEA,136,456,547,100,71,15,0,14,51,53,84,1,103,4,3,0,8,0,0,0.219
13602,Patrick Wisdom,CHC,134,469,534,97,44,28,0,25,67,66,53,1,183,9,2,1,8,8,4,0.207
13611,Mookie Betts,LAD,142,572,639,154,76,40,3,35,117,82,55,0,104,8,4,0,8,12,2,0.269
13613,Ketel Marte,ARI,137,492,558,118,62,42,2,12,68,52,55,3,101,6,5,0,12,5,1,0.24
13620,Carson Kelly,ARI,104,317,354,67,42,18,0,7,40,35,29,0,71,4,4,0,10,2,0,0.211
13621,Jeimer Candelario,DET,124,429,467,93,59,19,2,13,49,50,28,1,109,6,4,0,9,0,1,0.217
13624,Corey Seager,TEX,151,593,663,145,87,24,1,33,91,83,58,7,103,7,5,0,14,3,0,0.245
13675,Tyrone Taylor,MIL,120,373,405,87,46,21,3,17,49,51,22,0,102,7,3,0,11,3,2,0.233
13723,Jacob Stallings,MIA,114,346,384,77,61,12,0,4,25,34,29,0,83,6,2,1,15,0,1,0.223
13755,Tomas Nido,NYM,98,284,313,68,50,15,0,3,31,28,14,0,76,1,2,12,14,0,0,0.239
13757,Chris Taylor,LAD,118,402,454,89,51,25,3,10,45,43,44,2,160,5,3,0,4,10,1,0.221
13768,Travis Jankowski,- - -,44,55,64,9,9,0,0,0,11,2,8,0,10,1,0,0,0,3,0,0.164
13769,Adalberto Mondesi,KCR,15,50,54,7,7,0,0,0,3,3,4,0,20,0,0,0,2,5,0,0.14
13770,Rob Refsnyder,BOS,57,153,177,47,30,11,0,6,25,21,15,0,46,6,3,0,1,1,1,0.307
13788,Matt Reynolds,- - -,93,244,272,60,46,10,1,3,31,23,26,0,78,1,1,0,7,5,0,0.246
13807,Kevin Plawecki,- - -,64,168,186,37,28,8,0,1,15,13,14,0,32,2,1,1,6,0,0,0.22
13836,Matt Duffy,LAA,77,228,247,57,47,8,0,2,14,16,17,0,50,2,0,0,6,0,0,0.25
13853,Joey Wendle,MIA,101,347,371,90,62,24,1,3,27,32,15,0,50,5,3,1,7,12,3,0.259
13854,Anthony Bemboom,BAL,22,52,59,6,3,2,0,1,4,1,6,0,17,0,0,1,1,0,0,0.115
13897,Tyler Heineman,- - -,62,157,174,34,26,8,0,0,16,9,8,0,17,5,0,4,3,1,0,0.217
14109,Albert Almora Jr.,CIN,64,215,235,48,32,10,1,5,26,29,17,0,46,1,1,1,9,3,2,0.223
14111,Eric Haase,DET,110,323,351,82,50,17,1,14,41,44,24,1,97,1,3,0,9,0,0,0.254
14128,Joey Gallo,- - -,126,350,410,56,27,8,2,19,48,47,56,0,163,3,1,0,0,3,0,0.16
14130,Daniel Vogelbach,- - -,130,386,461,92,54,19,1,18,47,59,73,2,114,1,1,0,11,0,0,0.238
14161,Byron Buxton,MIN,92,340,382,76,32,13,3,28,61,51,34,0,116,7,1,0,0,6,0,0.224
14162,Carlos Correa,MIN,136,522,590,152,105,24,1,22,70,64,61,2,121,3,4,0,18,0,1,0.291
14196,Andrew Velazquez,LAA,125,322,349,63,46,8,0,9,37,28,15,0,119,3,3,6,3,17,1,0.196
14221,Jorge Soler,MIA,72,270,306,56,30,13,0,13,32,34,31,1,90,3,1,0,9,0,2,0.207
14274,Mitch Haniger,SEA,57,224,247,55,36,8,0,11,31,34,20,1,65,1,2,0,7,0,0,0.246
14344,Matt Olson,ATL,162,616,699,148,70,44,0,34,86,103,75,6,170,4,4,0,13,0,0,0.24
14350,Raimel Tapia,TOR,128,411,433,109,79,20,3,7,47,52,16,0,81,0,1,3,12,8,2,0.265
14366,Joey Meneses,WSN,56,222,240,72,45,14,0,13,33,34,15,2,52,1,2,0,13,1,0,0.324
14387,Harold Ramirez,TBR,120,403,435,121,91,24,0,6,46,58,19,1,72,9,4,0,5,3,5,0.3
14477,Jake Cave,MIN,54,164,177,35,20,7,3,5,17,20,11,0,49,0,2,0,2,2,0,0.213
14551,Anthony Santander,BAL,152,574,647,138,81,24,0,33,78,89,55,1,122,13,5,0,14,0,2,0.24
14553,Nomar Mazara,SDP,55,159,171,42,32,8,0,2,16,18,10,0,40,2,0,0,3,0,0,0.264
14566,Franmil Reyes,- - -,118,438,473,97,64,17,2,14,43,47,30,0,157,2,3,0,12,2,1,0.221
14567,Franchy Cordero,BOS,84,242,275,53,27,17,1,8,36,29,28,1,92,1,2,2,1,4,1,0.219
14593,David Bote,CHC,41,116,127,30,18,8,0,4,15,12,6,0,45,4,1,0,3,1,0,0.259
14691,Harold Castro,DET,120,420,443,114,84,21,2,7,37,47,17,1,79,1,2,3,5,0,1,0.271
14712,Manuel Margot,TBR,89,336,363,92,68,18,2,4,36,47,24,1,68,2,1,0,7,7,3,0.274
14735,Brett Phillips,- - -,83,201,225,29,18,6,0,5,22,15,16,0,94,3,1,4,0,7,0,0.144
14773,Yu Chang,- - -,69,168,190,35,25,6,0,4,19,15,16,0,59,4,2,0,5,0,1,0.208
14811,Luke Voit,- - -,135,500,568,113,69,22,0,22,55,69,55,1,179,7,6,0,9,1,1,0.226
14813,Kyle Farmer,CIN,145,526,583,134,94,25,1,14,58,78,33,0,99,16,6,2,20,4,3,0.255
14854,Mike Yastrzemski,SFG,148,485,558,104,54,31,2,17,73,57,61,0,141,5,6,1,3,5,1,0.214
14894,Tony Kemp,OAK,147,497,558,117,84,24,2,7,61,46,45,0,69,8,3,5,5,11,1,0.235
14950,Johan Camargo,PHI,52,152,166,36,30,3,0,3,8,15,13,0,37,0,0,1,1,0,0,0.237
14968,Victor Caratini,MIL,96,272,314,54,33,12,0,9,26,34,31,1,67,9,1,1,11,0,0,0.199
15082,Adam Engel,CHW,119,245,260,55,39,13,1,2,32,17,11,1,76,4,0,0,2,12,4,0.224
15104,Jonathan Davis,MIL,37,76,91,17,16,1,0,0,9,4,14,0,26,0,0,1,1,7,1,0.224
15112,Ryan McMahon,COL,153,529,597,130,84,23,3,20,67,67,60,0,158,5,3,0,7,7,3,0.246
15117,Hunter Dozier,KCR,129,462,500,109,67,26,4,12,51,41,34,0,125,3,1,0,14,4,3,0.236
15149,Trey Mancini,- - -,143,519,587,124,82,23,1,18,56,63,53,2,135,10,5,0,12,0,0,0.239
15161,Mitch Garver,TEX,54,188,215,39,22,7,0,10,23,24,23,0,53,2,2,0,3,1,1,0.207
15170,Josh VanMeter,PIT,67,171,192,32,22,5,2,3,15,14,19,0,45,0,2,0,3,4,0,0.187
15172,Tim Anderson,CHW,79,332,351,100,81,13,0,6,50,25,14,1,55,5,0,0,10,13,0,0.301
15191,Chad Pinder,OAK,111,361,379,85,55,18,0,12,38,42,14,0,118,0,2,1,10,2,0,0.235
15223,Adam Frazier,SEA,156,541,602,129,100,22,4,3,61,42,46,1,73,5,6,4,15,11,6,0.238
15271,Austin Wynns,SFG,66,162,177,42,32,7,0,3,14,21,10,0,38,3,1,1,9,0,0,0.259
15279,Garrett Cooper,MIA,119,414,469,108,64,33,2,9,37,50,40,0,119,10,5,0,6,0,0,0.261
15351,Frank Schwindel,CHC,75,271,292,62,43,11,0,8,23,36,19,1,58,0,2,0,12,0,0,0.229
15362,Jeff McNeil,NYM,148,533,589,174,125,39,1,9,73,62,40,1,61,11,5,0,6,4,0,0.326
15402,Jack Mayfield,LAA,23,70,74,13,10,1,1,1,8,6,3,0,17,1,0,0,1,1,0,0.186
15429,Kris Bryant,COL,42,160,181,49,32,12,0,5,28,14,17,0,27,2,2,0,7,0,0,0.306
15464,Hunter Renfroe,MIL,125,474,522,121,68,23,1,29,62,72,39,1,121,4,3,2,11,1,1,0.255
15482,Aristides Aquino,CIN,80,259,276,51,28,13,0,10,24,30,17,0,101,0,0,0,1,2,3,0.197
15487,Victor Reyes,DET,92,315,336,80,55,19,3,3,27,34,13,0,77,4,4,0,7,2,2,0.254
15491,J.P. Crawford,SEA,145,518,603,126,93,24,3,6,57,42,68,0,80,10,5,2,11,3,2,0.243
15518,Amed Rosario,CLE,153,637,670,180,134,26,9,11,85,71,25,0,111,4,4,0,19,18,4,0.283
15585,Mike Ford,- - -,50,131,149,27,19,5,0,3,9,10,17,0,40,1,0,0,1,0,0,0.206
15608,Willians Astudillo,MIA,21,54,55,13,12,0,0,1,5,4,1,0,3,0,0,0,2,1,0,0.241
15640,Aaron Judge,NYY,157,570,696,177,87,28,0,62,133,131,111,19,175,6,5,0,14,16,3,0.311
15653,Dominic Smith,NYM,58,134,152,26,15,10,1,0,11,17,12,0,37,4,2,0,0,0,0,0.194
15654,Billy McKinney,OAK,23,52,57,5,3,1,0,1,3,4,4,1,16,0,1,0,0,0,0,0.096
15672,Austin Meadows,DET,36,128,147,32,24,6,2,0,9,11,16,0,17,3,0,0,2,0,1,0.25
15674,Reese McGuire,- - -,89,249,274,67,49,14,1,3,25,22,12,0,56,3,3,6,6,1,0,0.269
15676,Jose Abreu,CHW,157,601,679,183,128,40,0,15,85,75,62,2,110,12,4,0,19,0,0,0.304
15679,Rowdy Tellez,MIL,153,529,599,116,58,23,0,35,67,89,62,9,121,5,3,0,20,2,1,0.219
15711,Tyler O'Neill,STL,96,334,383,76,50,11,1,14,56,58,38,0,103,4,7,0,9,14,4,0.228
15730,Tyler Wade,LAA,67,147,163,32,26,5,0,1,22,8,10,0,33,1,0,5,3,8,5,0.218
15794,Yonathan Daza,COL,113,372,408,112,87,21,2,2,56,34,26,0,58,4,5,1,12,0,3,0.301
15878,Miguel Andujar,- - -,36,132,140,31,24,5,1,1,13,17,5,0,27,0,3,0,1,4,1,0.235
15905,Luis Torrens,SEA,57,151,166,34,29,2,0,3,13,15,12,0,50,1,2,0,5,0,0,0.225
15937,Aledmys Diaz,HOU,92,305,327,74,49,13,0,12,35,38,18,0,53,2,2,0,7,1,1,0.243
15941,Austin Nola,SDP,110,347,397,87,68,15,0,4,40,40,34,1,60,6,9,1,5,2,1,0.251
15958,Travis Demeritte,ATL,26,89,96,19,14,2,0,3,9,6,6,0,32,0,1,0,2,0,0,0.213
15986,Willy Adames,MIL,139,563,617,134,72,31,0,31,83,98,49,3,166,1,4,0,11,8,3,0.238
15998,Cody Bellinger,LAD,144,504,550,106,57,27,3,19,70,68,38,0,150,2,6,0,7,14,3,0.21
16153,Austin Slater,SFG,125,277,325,73,49,15,2,7,49,34,40,0,89,6,2,0,9,12,1,0.264
16219,J.D. Davis,- - -,115,318,365,79,50,16,1,12,46,35,39,1,122,6,2,0,13,1,1,0.248
16221,Bradley Zimmer,- - -,109,105,117,13,6,5,0,2,18,5,5,0,45,6,0,1,0,3,2,0.124
16252,Trea Turner,LAD,160,652,708,194,130,39,4,21,101,100,45,1,131,3,6,0,9,27,3,0.298
16285,Michael Hermosillo,CHC,31,61,73,7,5,2,0,0,7,4,7,0,27,4,0,1,0,1,0,0.115
16313,Yairo Munoz,PHI,29,57,60,12,7,2,0,3,7,7,3,0,10,0,0,0,0,1,0,0.211
16337,Nick Gordon,MIN,138,405,443,110,69,28,4,9,45,50,19,1,105,10,6,3,8,6,4,0.272
16375,Oscar Mercado,- - -,55,121,128,25,14,6,1,4,17,16,5,0,29,1,1,0,4,2,2,0.207
16403,Francisco Mejia,TBR,93,289,299,70,42,22,0,6,32,31,7,0,65,2,1,0,6,0,0,0.242
16417,Sergio Alcantara,- - -,93,205,224,45,30,8,1,6,26,29,12,0,57,1,4,2,6,1,2,0.22
16424,Jordan Luplow,ARI,83,205,234,36,20,5,0,11,26,28,25,1,60,3,1,0,5,5,1,0.176
16426,Thairo Estrada,SFG,140,488,541,127,88,23,2,14,71,62,33,0,89,14,5,1,10,21,6,0.26
16434,Christian Arroyo,BOS,87,280,300,80,57,16,1,6,32,36,13,2,49,3,2,2,7,5,1,0.286
16442,Ryan O'Hearn,KCR,67,134,145,32,24,6,1,1,14,16,8,0,35,2,1,0,2,0,0,0.239
16451,Luis Guillorme,NYM,102,297,335,81,66,12,1,2,33,17,34,1,46,2,0,2,15,1,0,0.273
16472,Rhys Hoskins,PHI,156,589,672,145,80,33,2,30,81,79,72,0,169,6,4,0,12,2,1,0.246
16478,Kyle Schwarber,PHI,155,577,669,126,56,21,3,46,100,94,86,3,200,4,2,0,10,10,1,0.218
16505,Matt Chapman,TOR,155,538,621,123,68,27,1,27,83,76,68,1,170,10,5,0,7,2,2,0.229
16512,Isiah Kiner-Falefa,NYY,142,483,531,126,102,20,0,4,66,48,35,2,72,5,5,3,13,22,4,0.261
16530,Mauricio Dubon,- - -,104,243,265,52,38,9,0,5,31,24,13,0,30,1,5,3,7,2,3,0.214
16535,Danny Jansen,TOR,72,215,248,56,31,10,0,15,34,44,25,1,44,3,5,0,1,1,0,0.26
16556,Ozzie Albies,ATL,64,247,269,61,37,16,0,8,36,35,16,0,47,2,4,0,0,3,5,0.247
16572,Connor Joe,COL,111,404,467,96,65,20,4,7,56,28,55,0,97,7,1,0,8,6,2,0.238
16578,Yandy Diaz,TBR,137,473,558,140,98,33,0,9,71,57,78,2,60,6,1,0,10,3,3,0.296
16622,Luis Urias,MIL,119,406,472,97,63,17,1,16,54,47,50,0,99,11,5,0,9,1,2,0.239
16623,Greg Allen,PIT,46,118,134,22,16,4,0,2,17,8,10,0,42,2,1,3,2,8,2,0.186
16686,Jason Vosler,SFG,36,98,111,26,15,6,1,4,14,12,10,1,29,2,1,0,3,1,1,0.265
16725,Jose Trevino,NYY,115,335,353,83,59,12,1,11,39,43,15,0,62,2,1,0,5,2,1,0.248
16909,Colin Moran,CIN,42,109,128,23,15,3,0,5,11,23,16,0,30,0,3,0,4,0,0,0.211
16925,Aramis Garcia,CIN,47,108,115,23,20,2,0,1,6,4,3,0,34,2,0,2,4,0,1,0.213
16930,Jonah Heim,TEX,127,406,450,92,55,20,1,16,51,48,41,0,87,1,2,0,10,2,0,0.227
16939,Lane Thomas,WSN,146,498,548,120,75,26,2,17,62,52,41,0,132,4,5,0,8,8,4,0.241
16947,Derek Hill,DET,31,83,92,19,16,2,0,1,8,3,5,0,28,0,1,3,0,3,0,0.229
16997,Gleyber Torres,NYY,140,526,572,135,82,28,1,24,73,76,39,2,129,3,3,1,12,10,5,0.257
17022,Edmundo Sosa,- - -,78,176,190,40,23,11,4,2,26,21,5,0,50,7,1,1,6,6,1,0.227
17023,Magneuris Sierra,LAA,45,91,96,15,11,1,3,0,7,5,4,0,25,0,0,1,0,6,1,0.165
17027,Alex Verdugo,BOS,152,593,644,166,115,39,1,11,75,74,42,2,86,3,6,0,14,1,3,0.28
17040,Jose Herrera,ARI,47,111,124,21,19,2,0,0,9,5,9,0,34,0,0,4,1,0,0,0.189
17109,Meibrys Viloria,TEX,26,63,75,10,7,1,0,2,10,5,11,0,29,0,1,0,0,0,0,0.159
17128,Ramon Laureano,OAK,94,346,383,73,42,18,0,13,49,34,25,0,104,12,0,0,6,11,6,0.211
17232,Yoan Moncada,CHW,104,397,433,84,53,18,1,12,41,51,32,2,114,2,1,1,5,2,0,0.212
17273,Jorge Mateo,BAL,150,494,533,109,64,25,7,13,63,50,27,0,147,5,2,3,8,35,9,0.221
17321,Michael Chavis,PIT,129,401,426,92,59,16,3,14,39,49,19,1,126,2,4,0,4,1,1,0.229
17326,Cole Tucker,PIT,18,63,63,11,9,1,1,0,3,2,0,0,25,0,0,0,1,1,0,0.175
17338,Willi Castro,DET,112,365,392,88,60,18,2,8,47,31,15,0,82,8,3,1,4,9,4,0.241
17350,Rafael Devers,BOS,141,555,614,164,94,42,1,27,84,88,49,11,114,7,3,0,14,3,1,0.295
17423,Yermin Mercedes,SFG,31,73,83,17,11,5,0,1,9,8,9,0,17,1,0,0,1,0,0,0.233
17452,Jose Siri,- - -,104,301,325,64,42,13,2,7,53,24,20,0,108,3,1,0,3,14,2,0.213
17484,Eloy Jimenez,CHW,84,292,327,86,58,12,0,16,40,54,28,0,72,3,4,0,8,0,0,0.295
17548,Taylor Ward,LAA,135,495,564,139,92,22,2,23,73,65,60,0,120,4,5,0,5,5,3,0.281
17620,Myles Straw,CLE,152,535,596,118,93,22,3,0,72,32,54,0,87,1,4,2,4,21,1,0.221
17678,Alex Bregman,HOU,155,548,656,142,81,38,0,23,93,93,87,1,77,11,10,0,18,1,2,0.259
17684,Vimael Machin,OAK,73,223,253,49,36,12,0,1,26,13,25,0,47,2,3,0,6,1,1,0.22
17696,Kevin Newman,PIT,78,288,309,79,57,18,2,2,31,24,16,0,48,2,1,2,6,8,2,0.274
17719,Steven Duggar,- - -,29,72,80,11,7,3,1,0,7,4,7,0,41,0,1,0,0,5,1,0.153
17723,Skye Bolt,OAK,42,106,116,21,15,2,0,4,10,13,7,0,30,2,1,0,1,5,0,0.198
17838,Willie Calhoun,- - -,22,52,62,7,3,3,0,1,7,3,9,0,8,1,0,0,2,0,0,0.135
17893,Tyler Nevin,BAL,58,157,184,31,25,4,0,2,17,16,20,0,46,4,3,0,4,0,0,0.197
17901,Andrew Benintendi,- - -,126,461,521,140,109,23,3,5,54,51,52,0,77,2,5,1,7,8,3,0.304
17907,Brendan Rodgers,COL,137,527,581,140,94,30,3,13,72,63,46,0,101,3,5,0,25,0,0,0.266
17919,Ian Happ,CHC,158,573,641,155,94,42,2,17,72,72,58,4,149,6,4,0,11,9,4,0.271
17929,Cedric Mullins II,BAL,156,608,672,157,105,32,4,16,89,64,47,2,126,9,5,1,4,34,10,0.258
17954,Sam Hilliard,COL,70,174,200,32,23,6,1,2,26,14,23,0,57,1,2,0,2,5,1,0.184
17982,Ty France,SEA,140,551,613,152,104,27,1,20,65,84,35,3,94,21,5,0,18,0,0,0.276
17988,Tyler Stephenson,CIN,50,166,183,53,38,9,0,6,24,35,12,0,47,3,2,0,4,1,0,0.319
17992,David Fletcher,LAA,61,216,228,55,43,9,1,2,20,17,7,0,16,3,0,2,6,1,0,0.255
18015,Paul DeJong,STL,77,210,237,33,18,9,0,6,19,25,21,0,79,4,2,0,2,3,2,0.157
18027,Hoy Park,PIT,23,51,60,11,7,2,0,2,7,6,4,0,15,1,2,2,0,1,0,0.216
18030,Harrison Bader,- - -,86,292,313,73,55,10,3,5,38,30,15,0,62,4,2,0,4,17,3,0.25
18032,Mark Mathias,- - -,30,81,91,20,11,3,0,6,13,20,9,0,30,0,1,0,0,3,0,0.247
18036,Jake Cronenworth,SDP,158,587,684,141,89,31,4,17,88,88,70,3,131,16,8,0,2,3,0,0.24
18042,Dylan Moore,SEA,104,205,255,46,27,11,2,6,41,24,34,2,75,13,1,1,5,21,8,0.224
18054,Sam Haggerty,SEA,83,176,201,45,30,9,1,5,29,23,18,3,53,4,2,1,4,13,1,0.256
18063,Kyle Garlick,MIN,66,150,162,35,23,3,0,9,23,18,8,0,48,3,1,0,2,0,0,0.233
18067,Garrett Stubbs,PHI,50,106,121,28,18,4,1,5,19,16,14,0,30,0,0,1,2,2,0,0.264
18126,LaMonte Wade Jr.,SFG,77,217,251,45,29,7,1,8,29,26,26,0,51,5,1,2,0,1,0,0.207
18142,Patrick Mazeika,NYM,24,68,72,13,8,4,0,1,4,6,2,0,9,0,0,2,0,0,0,0.191
18171,Seth Brown,OAK,150,500,555,115,61,26,3,25,55,73,51,3,146,3,1,0,7,11,2,0.23
18289,Brian Anderson,MIA,98,338,383,75,50,16,1,8,43,28,37,2,101,7,1,0,7,1,0,0.222
18314,Dansby Swanson,ATL,162,640,696,177,119,32,1,25,99,96,49,0,182,3,4,0,12,18,7,0.277
18316,Edwin Rios,LAD,27,86,92,21,13,1,0,7,12,17,5,1,36,1,0,0,2,0,1,0.244
18345,Kyle Tucker,HOU,150,544,609,140,81,28,1,30,71,107,59,4,95,1,2,0,11,25,4,0.257
18353,Daz Cameron,DET,21,64,70,14,9,3,1,1,6,8,5,0,20,1,0,0,1,2,0,0.219
18360,Austin Riley,ATL,159,615,693,168,89,39,2,38,90,93,57,1,168,17,4,0,13,2,0,0.273
18363,Victor Robles,WSN,132,366,407,82,64,10,2,6,42,33,17,0,104,9,4,11,3,15,4,0.224
18365,Lewin Diaz,MIA,58,160,174,27,18,4,0,5,12,11,11,0,54,1,2,0,3,1,0,0.169
18371,Jermaine Palacios,MIN,30,70,77,10,8,0,0,2,8,6,4,0,27,0,2,1,2,0,0,0.143
18373,Ryan Mountcastle,BAL,145,555,609,139,88,28,1,22,62,85,43,1,154,4,7,0,12,4,1,0.25
18400,Juan Yepez,STL,76,253,274,64,39,13,0,12,27,30,16,0,61,1,4,0,6,0,0,0.253
18401,Ronald Acuna Jr.,ATL,119,467,533,124,85,24,0,15,71,50,53,4,126,10,3,0,8,29,11,0.266
18433,P.J. Higgins,CHC,74,201,229,46,28,11,1,6,23,30,22,0,58,2,1,3,2,0,0,0.229
18564,Trent Grisham,SDP,152,451,524,83,48,16,2,17,58,53,57,1,150,7,2,7,3,7,1,0.184
18568,Luis Arraez,MIN,144,547,603,173,133,31,1,8,88,49,50,2,43,3,3,0,6,4,4,0.316
18577,Ke'Bryan Hayes,PIT,136,505,560,123,89,24,3,7,55,41,48,0,122,5,2,0,12,20,5,0.244
18607,Jared Walsh,LAA,118,423,454,91,56,18,2,15,41,44,27,4,138,4,0,0,6,2,1,0.215
18721,Guillermo Heredia,ATL,74,76,82,12,5,3,1,3,12,8,6,0,32,0,0,0,1,0,0,0.158
18795,Ramon Urias,BAL,118,403,445,100,66,17,1,16,50,51,30,1,98,5,4,3,7,1,0,0.248
18819,Andy Ibanez,TEX,40,119,128,26,21,4,0,1,13,9,9,0,21,0,0,0,0,3,0,0.218
18821,Jose Azocar,SDP,98,202,216,52,40,9,3,0,24,10,12,0,44,0,1,1,6,5,6,0.257
18839,Josh Naylor,CLE,122,449,498,115,67,28,0,20,47,79,38,4,80,6,5,0,13,6,1,0.256
18882,Brandon Lowe,TBR,65,235,266,52,32,10,2,8,31,25,27,0,61,3,1,0,1,1,0,0.221
18887,Seby Zavala,CHW,61,178,205,48,32,14,0,2,22,21,19,0,64,3,2,3,1,0,0,0.27
18889,Danny Mendick,CHW,31,97,106,28,20,4,1,3,22,15,7,0,23,1,0,1,2,1,0,0.289
18900,Leody Taveras,TEX,99,314,341,82,61,14,2,5,39,34,21,0,88,2,3,1,2,11,5,0.261
19181,Zack Collins,- - -,36,97,108,15,7,4,0,4,9,11,9,0,41,1,1,0,0,0,0,0.155
19197,Will Smith,LAD,137,508,578,132,79,26,3,24,68,87,56,4,96,10,4,0,11,1,0,0.26
19198,Yuli Gurriel,HOU,146,545,584,132,84,40,0,8,53,53,30,0,73,6,3,0,13,8,0,0.242
19238,Lourdes Gurriel Jr.,TOR,121,453,493,132,94,32,1,5,52,52,31,1,83,6,2,0,11,3,4,0.291
19251,Pete Alonso,NYM,160,597,685,162,95,27,0,40,95,131,67,16,128,12,9,0,17,5,1,0.271
19252,Cavan Biggio,TOR,97,257,303,52,27,18,1,6,43,24,38,0,85,6,1,1,2,2,0,0.202
19260,Jake Fraley,CIN,68,216,247,56,35,9,0,12,33,28,26,1,54,3,2,0,1,4,1,0.259
19262,Garrett Hampson,COL,90,199,226,42,30,7,3,2,29,15,21,0,63,1,2,3,3,12,2,0.211
19273,Stone Garrett,ARI,27,76,84,21,9,8,0,4,13,10,3,0,27,1,1,0,1,3,1,0.276
19287,Adolis Garcia,TEX,156,605,657,151,85,34,5,27,88,101,40,2,183,6,6,0,9,25,6,0.25
19290,Randy Arozarena,TBR,153,586,645,154,90,41,3,20,72,89,46,2,156,11,2,0,17,32,12,0.263
19293,Nick Senzel,CIN,110,373,420,86,68,13,0,5,45,25,30,0,76,5,1,2,7,8,5,0.231
19294,Nick Solak,TEX,35,82,95,17,13,1,0,3,14,4,7,0,19,5,0,1,1,3,2,0.207
19296,Alex Call,- - -,47,114,131,27,18,3,1,5,18,13,15,0,30,2,0,0,2,3,3,0.237
19314,Donovan Walton,- - -,25,76,78,12,3,8,0,1,9,8,1,0,16,1,0,0,1,0,0,0.158
19318,Matt Thaiss,LAA,29,69,81,15,12,1,0,2,9,8,11,1,24,0,1,0,2,1,0,0.217
19326,Bryan Reynolds,PIT,145,542,614,142,92,19,4,27,74,62,56,6,141,14,2,0,13,7,3,0.262
19331,Jose Rojas,LAA,22,56,57,7,5,2,0,0,1,1,0,0,19,1,0,0,1,0,0,0.125
19334,Yadiel Hernandez,WSN,94,305,327,82,57,16,0,9,30,41,19,0,74,1,2,0,9,2,1,0.269
19339,Nicky Lopez,KCR,142,436,480,99,83,12,4,0,51,20,29,0,63,4,1,10,8,13,3,0.227
19346,Eli White,TEX,47,105,117,21,16,2,0,3,16,10,11,0,41,0,1,0,0,12,1,0.2
19352,Sean Murphy,OAK,148,537,612,134,77,37,2,18,67,66,56,2,124,13,5,0,14,1,0,0.25
19354,Luke Raley,TBR,22,61,72,12,9,2,0,1,7,4,7,0,24,3,1,0,1,0,0,0.197
19363,Austin Hays,BAL,145,535,582,134,81,35,2,16,66,60,34,0,114,10,3,0,11,2,4,0.25
19392,Zach McKinstry,- - -,57,166,185,33,19,6,3,5,21,14,16,0,52,1,0,2,0,7,0,0.199
19422,Brian Serven,COL,62,187,205,38,27,4,1,6,19,16,13,0,44,2,1,2,7,0,0,0.203
19458,Cooper Hummel,ARI,66,176,201,31,17,8,3,3,20,17,23,0,64,1,1,0,4,4,1,0.176
19470,Tommy Edman,STL,153,577,630,153,105,31,4,13,95,57,46,2,111,5,1,1,10,32,3,0.265
19508,Kyle Lewis,SEA,18,56,62,8,5,0,0,3,6,5,5,0,19,1,0,0,2,0,0,0.143
19514,Andrew Knizner,STL,97,260,293,56,42,10,0,4,28,25,26,0,62,6,0,1,9,0,1,0.215
19522,T.J. Friedl,CIN,72,225,258,54,31,10,5,8,33,25,20,0,40,7,6,0,3,7,2,0.24
19556,Yordan Alvarez,HOU,135,470,561,144,76,29,2,37,95,97,78,9,106,6,7,0,12,1,1,0.306
19566,Nathaniel Lowe,TEX,157,593,645,179,123,26,3,27,74,76,48,2,147,4,0,0,10,2,2,0.302
19599,Chas McCormick,HOU,119,359,407,88,60,12,2,14,47,44,46,0,106,1,1,0,5,4,3,0.245
19600,Bryan De La Cruz,MIA,115,329,355,83,50,20,0,13,38,43,19,0,90,2,4,0,8,4,0,0.252
19610,Keibert Ruiz,WSN,112,394,433,99,70,22,0,7,33,36,30,0,50,6,2,1,9,6,1,0.251
19611,Vladimir Guerrero Jr.,TOR,160,638,706,175,108,35,0,32,90,97,58,6,116,6,4,0,26,8,3,0.274
19612,Bo Bichette,TOR,159,652,697,189,121,43,1,24,91,93,41,0,155,2,2,0,21,13,8,0.29
19615,Luis Barrera,OAK,32,77,85,18,12,5,0,1,3,7,6,0,17,1,1,0,2,3,0,0.234
19625,David MacKinnon,- - -,22,50,57,7,7,0,0,0,2,6,6,0,17,0,1,0,2,0,0,0.14
19635,Sheldon Neuse,OAK,89,271,293,58,48,4,2,4,25,26,20,0,80,2,0,0,5,6,1,0.214
19683,Mike Brosseau,MIL,70,141,160,36,25,5,0,6,15,23,14,0,48,5,0,0,0,2,0,0.255
19698,Edward Olivares,KCR,53,161,174,46,34,8,0,4,24,15,10,0,36,2,1,0,1,2,3,0.286
19717,Darick Hall,PHI,42,136,142,34,16,8,1,9,19,16,5,0,44,1,0,0,3,0,0,0.25
19734,Josh Rojas,ARI,125,443,510,119,84,25,1,9,66,56,55,2,98,2,5,5,7,23,3,0.269
19755,Shohei Ohtani,LAA,157,586,666,160,90,30,6,34,90,95,72,14,161,5,3,0,6,11,9,0.273
19806,Jason Delay,PIT,57,155,167,33,26,6,0,1,17,11,8,0,50,3,0,1,4,0,2,0.213
19813,Charles Leblanc,MIA,48,156,169,41,27,10,0,4,18,11,12,0,53,1,0,0,0,4,2,0.263
19824,Chuckie Robinson,CIN,25,59,60,8,4,2,0,2,3,5,0,0,17,0,0,1,5,0,0,0.136
19844,Abraham Toro,SEA,109,324,352,60,36,13,1,10,36,35,22,1,65,2,4,0,4,2,0,0.185
19858,Luis Rengifo,LAA,127,489,511,129,86,22,4,17,45,52,17,0,79,4,0,1,11,6,2,0.264
19859,Rene Pinto,TBR,25,80,83,17,12,3,0,2,5,10,2,0,35,1,0,0,3,0,0,0.213
19864,Riley Adams,WSN,48,142,155,25,16,4,0,5,14,10,12,0,46,1,0,0,2,0,1,0.176
19890,Emmanuel Rivera,- - -,102,330,359,77,46,16,3,12,46,40,23,0,83,5,1,0,8,1,2,0.233
19892,Pavin Smith,ARI,75,245,277,54,36,9,0,9,24,33,28,1,67,1,3,0,2,1,0,0.22
19896,Connor Wong,BOS,27,48,56,9,5,3,0,1,8,7,5,0,16,1,1,1,0,0,0,0.188
19901,Gavin Sheets,CHW,124,377,410,91,57,19,0,15,34,53,27,0,86,3,3,0,9,0,0,0.241
19906,Diego Castillo,PIT,96,262,283,54,30,13,0,11,28,29,14,1,75,3,4,0,7,1,1,0.206
19913,Jesus Sanchez,MIA,98,313,343,67,37,14,3,13,38,36,26,0,92,3,1,0,7,1,0,0.214
19918,Daulton Varsho,ARI,151,531,592,125,72,23,3,27,79,74,46,0,145,7,5,2,8,16,6,0.235
19928,Ryan McKenna,BAL,105,156,172,37,25,10,0,2,23,11,11,1,55,2,1,2,3,2,1,0.237
19931,Luke Williams,- - -,79,127,136,30,23,5,1,1,21,6,9,1,44,0,0,0,1,11,4,0.236
19948,Cristian Pache,OAK,91,241,260,40,30,5,2,3,18,18,15,0,70,1,0,3,5,2,2,0.166
19950,Andres Gimenez,CLE,146,491,557,146,100,26,3,17,66,69,34,4,112,25,3,4,9,20,3,0.297
19953,Josh Lowe,TBR,52,181,198,40,24,12,2,2,24,13,15,1,66,1,0,1,1,3,0,0.221
19955,Gavin Lux,LAD,129,421,471,116,83,20,7,6,66,42,47,0,95,0,3,0,3,7,2,0.276
19956,Mickey Moniak,- - -,37,106,112,18,11,3,1,3,13,8,4,0,44,1,0,1,0,1,0,0.17
19960,Taylor Trammell,SEA,43,102,117,20,7,9,0,4,15,10,13,0,33,0,1,1,2,2,1,0.196
19966,Bobby Dalbec,BOS,117,317,353,68,45,9,2,12,40,39,29,0,118,3,4,0,5,3,0,0.215
19977,Tres Barrera,WSN,19,50,53,9,8,1,0,0,2,4,2,0,16,0,0,1,1,0,0,0.18
19983,Conner Capel,- - -,22,52,59,16,12,0,1,3,7,11,5,0,10,0,2,0,2,1,1,0.308
19997,Santiago Espinal,TOR,135,449,491,120,88,25,0,7,51,51,36,1,68,2,3,1,12,6,6,0.267
20003,Keston Hiura,MIL,80,234,266,53,30,8,1,14,34,32,23,0,111,8,1,0,3,5,2,0.226
20036,Isaac Paredes,TBR,111,331,381,68,32,16,0,20,48,45,44,0,67,4,2,0,12,0,1,0.205
20043,Luis Robert,CHW,98,380,401,108,78,18,0,12,54,56,17,1,77,3,1,0,6,11,3,0.284
20054,Bligh Madris,PIT,39,113,123,20,12,7,0,1,10,7,10,0,31,0,0,0,0,2,1,0.177
20056,Alan Trejo,COL,35,118,125,32,22,6,0,4,15,17,5,0,31,2,0,0,3,1,2,0.271
20122,Mark Contreras,MIN,28,58,61,7,3,1,0,3,9,6,1,0,21,1,1,0,2,1,0,0.121
20123,Juan Soto,- - -,153,524,664,127,73,25,2,27,93,62,135,6,96,4,0,0,12,6,2,0.242
20126,Dylan Carlson,STL,128,432,488,102,60,30,4,8,56,42,45,1,94,7,4,0,6,5,2,0.236
20165,J.J. Matijevic,HOU,32,67,71,14,10,2,0,2,7,5,2,0,25,2,0,0,1,1,0,0.209
20178,Miguel Vargas,LAD,18,47,50,8,6,1,0,1,4,8,2,0,13,0,1,0,0,1,0,0.17
20202,Brandon Marsh,- - -,134,424,461,104,71,18,4,11,49,52,28,1,158,3,3,3,4,10,4,0.245
20220,Jo Adell,LAA,88,268,285,60,38,12,2,8,22,27,11,0,107,4,1,0,6,4,2,0.224
20233,Gilberto Celestino,MIN,122,311,347,74,59,12,1,2,30,24,32,0,77,2,0,2,13,4,1,0.238
20242,Kevin Smith,OAK,47,139,151,25,13,9,1,2,9,13,7,0,42,0,2,3,5,4,0,0.18
20308,Jake Meyers,HOU,52,150,160,34,25,6,2,1,13,15,7,0,54,2,1,0,1,2,1,0.227
20321,Stuart Fairchild,- - -,46,97,110,24,14,4,1,5,14,6,8,0,34,5,0,0,1,0,2,0.247
20325,Alex Kirilloff,MIN,45,144,156,36,26,7,0,3,14,21,5,0,36,4,2,0,5,0,0,0.25
20332,Luis Gonzalez,SFG,98,311,350,79,56,17,2,4,31,36,30,1,75,4,5,0,5,10,2,0.254
20352,Ernie Clement,- - -,70,163,179,30,26,4,0,0,19,6,11,0,26,2,1,2,3,0,1,0.184
20391,Luis Garcia,WSN,93,360,377,99,67,23,2,7,29,45,11,1,84,1,4,1,6,3,4,0.275
20454,Jazz Chisholm Jr.,MIA,60,213,241,54,26,10,4,14,39,45,21,0,66,3,3,0,0,12,5,0.254
20493,Seth Beer,ARI,38,111,126,21,17,3,0,1,4,9,11,1,31,3,1,0,3,0,0,0.189
20503,William Contreras,ATL,97,334,376,93,58,14,1,20,51,45,39,1,104,1,2,0,5,2,0,0.278
20505,Drew Waters,KCR,32,96,109,23,11,6,1,5,14,18,12,0,40,0,0,0,1,0,0,0.24
20521,Nick Madrigal,CHC,59,209,228,52,45,7,0,0,19,7,14,0,27,3,0,2,6,3,1,0.249
20529,Nolan Jones,CLE,28,86,94,21,14,5,0,2,10,13,8,1,31,0,0,0,2,0,0,0.244
20536,Vidal Brujan,TBR,52,147,162,24,16,5,0,3,13,16,12,0,37,1,2,0,2,5,5,0.163
20538,Jose Miranda,MIN,125,444,483,119,79,25,0,15,45,66,28,0,91,10,1,0,19,1,1,0.268
20543,Elehuris Montero,COL,53,176,185,41,19,15,1,6,21,20,8,0,60,1,0,0,4,0,0,0.233
20572,Kody Clemens,DET,57,117,127,17,8,4,0,5,13,17,8,0,33,0,2,0,1,1,0,0.145
20926,Dermis Garcia,OAK,39,116,125,24,13,6,0,5,13,20,8,0,55,1,0,0,1,0,0,0.207
20970,Oscar Gonzalez,CLE,91,362,382,107,69,27,0,11,39,43,15,2,75,3,2,0,6,1,2,0.296
21127,Alejo Lopez,CIN,61,145,156,38,31,5,1,1,15,10,9,1,21,2,0,0,1,3,1,0.262
21270,Sean Bouchard,COL,27,74,97,22,13,6,0,3,9,11,21,0,25,1,1,0,1,0,0,0.297
21386,Michael Papierski,- - -,39,91,103,13,11,1,0,1,7,4,10,0,26,0,0,2,4,0,0,0.143
21454,Lars Nootbaar,STL,108,290,347,66,33,16,3,14,53,40,51,1,71,1,5,0,3,4,1,0.228
21479,Nico Hoerner,CHC,135,481,517,135,98,22,5,10,60,55,28,4,57,6,2,0,11,20,2,0.281
21501,Trevor Larnach,MIN,51,160,180,37,19,13,0,5,22,18,18,1,57,0,2,0,1,0,0,0.231
21523,Jonathan India,CIN,103,386,431,96,68,16,2,10,48,41,31,1,94,14,0,0,5,3,4,0.249
21524,Joey Bart,SFG,97,261,291,56,39,6,0,11,34,25,26,0,112,4,0,0,5,2,1,0.215
21534,Cal Raleigh,SEA,119,370,415,78,30,20,1,27,46,63,38,0,122,2,5,0,5,1,0,0.211
21538,Nick Fortes,MIA,72,217,240,50,34,6,1,9,41,24,18,0,45,5,0,0,5,5,3,0.23
21558,Matt Vierling,PHI,117,325,357,80,60,12,2,6,41,32,23,0,70,3,6,0,7,7,4,0.246
21560,Alfonso Rivas,CHC,101,251,287,59,49,5,2,3,27,25,29,1,87,4,2,1,1,6,1,0.235
21562,Romy Gonzalez,CHW,32,105,109,25,18,4,1,2,15,11,2,0,39,1,1,0,3,0,1,0.238
21614,Kyle Isbel,KCR,106,256,278,54,35,10,4,5,32,28,16,0,75,3,2,1,5,9,6,0.211
21618,Alec Bohm,PHI,152,586,631,164,124,24,3,13,79,72,31,1,110,4,10,0,18,2,3,0.28
21622,Jake McCarthy,ARI,99,321,354,91,64,16,3,8,53,43,23,0,76,6,1,3,3,23,3,0.283
21635,Nick Maton,PHI,35,72,85,18,10,2,1,5,13,17,10,0,29,1,2,0,0,0,0,0.25
21636,Jeremy Pena,HOU,136,521,558,132,88,20,2,22,72,63,22,0,135,6,5,1,5,11,2,0.253
21707,Oswaldo Cabrera,NYY,44,154,171,38,23,8,1,6,21,19,15,0,44,0,1,1,1,3,2,0.247
21711,Oneil Cruz,PIT,87,331,361,77,43,13,4,17,45,54,28,1,126,1,1,0,3,11,4,0.233
21837,Jonathan Aranda,TBR,32,78,87,15,9,4,0,2,10,6,8,1,23,1,0,0,1,0,0,0.192
21853,Will Benson,CLE,28,55,61,10,9,1,0,0,8,3,3,0,19,2,0,1,1,0,0,0.182
21871,Jerar Encarnacion,MIA,23,77,81,14,8,3,0,3,7,14,3,0,32,0,1,0,3,2,0,0.182
21897,Christopher Morel,CHC,113,379,425,89,50,19,4,16,55,47,38,0,137,3,2,3,6,10,7,0.235
21987,Rodolfo Castro,PIT,71,253,278,59,36,8,4,11,25,27,22,0,74,2,1,0,6,5,3,0.233
22117,Nick Pratto,KCR,49,158,182,29,12,9,1,7,18,20,19,0,66,1,3,1,6,0,0,0.184
22168,Akil Baddoo,DET,73,201,225,41,34,3,2,2,30,9,24,0,64,0,0,0,2,9,6,0.204
22169,Calvin Mitchell,PIT,69,212,232,48,32,11,0,5,21,17,18,0,52,0,1,1,3,3,1,0.226
22197,MJ Melendez,KCR,129,460,534,100,58,21,3,18,57,62,66,1,131,1,7,0,2,2,3,0.217
22209,Sam Huff,TEX,44,121,132,29,21,4,0,4,9,10,11,1,42,0,0,0,1,1,0,0.24
22217,Luis Campusano,SDP,16,48,50,12,10,1,0,1,4,5,1,0,11,0,1,0,2,0,0,0.25
22244,Jack Suwinski,PIT,106,326,372,66,36,11,0,19,45,38,41,1,114,4,1,0,5,4,2,0.202
22261,Bubba Thompson,TEX,55,170,181,45,39,5,0,1,18,9,7,0,56,2,0,2,2,18,3,0.265
22263,Nolan Gorman,STL,89,283,313,64,37,13,0,14,44,35,28,0,103,2,0,0,2,1,0,0.226
22275,Jake Burger,CHW,51,168,183,42,24,9,1,8,20,26,10,1,56,3,1,1,7,0,0,0.25
22277,Nick Allen,OAK,100,299,326,62,45,13,0,4,31,19,19,0,64,1,1,6,5,3,2,0.207
22411,Cal Stevenson,OAK,23,60,71,10,7,3,0,0,5,1,8,0,23,0,1,2,1,1,1,0.167
22458,Taylor Walls,TBR,142,407,466,70,42,18,2,8,53,33,52,0,120,2,2,2,6,10,3,0.172
22471,Livan Soto,LAA,18,55,59,22,15,5,1,1,9,9,2,0,13,0,1,1,1,1,1,0.4
22505,Buddy Kennedy,ARI,30,83,94,18,13,2,2,1,10,12,8,0,23,1,2,0,1,0,0,0.217
22514,Triston Casas,BOS,27,76,95,15,9,1,0,5,11,12,19,0,23,0,0,0,4,1,0,0.197
22532,Tyler Freeman,CLE,24,77,86,19,16,3,0,0,9,3,4,0,11,4,1,0,2,1,0,0.247
22558,Jarred Kelenic,SEA,54,163,181,23,10,5,1,7,20,17,16,0,61,1,1,0,3,5,2,0.141
22563,Gabriel Arias,CLE,16,47,57,9,6,1,1,1,9,5,8,0,16,1,0,1,1,1,0,0.191
22581,Alejandro Kirk,TOR,139,470,541,134,101,19,0,14,59,63,63,2,58,4,4,0,11,0,0,0.285
22650,Jordan Diaz,OAK,15,49,51,13,10,3,0,0,3,1,2,0,7,0,0,0,1,0,0,0.265
22664,Gabriel Moreno,TOR,25,69,73,22,20,1,0,1,10,7,4,0,8,0,0,0,2,0,0,0.319
22799,Geraldo Perdomo,ARI,148,431,500,84,67,10,2,5,58,40,50,0,103,5,2,12,3,9,2,0.195
22823,Oswald Peraza,NYY,18,49,57,15,11,3,0,1,8,2,6,0,9,2,0,0,3,2,0,0.306
22871,Tucupita Marcano,PIT,49,160,177,33,23,6,2,2,18,13,10,0,44,1,1,5,1,2,1,0.206
23359,Nelson Velazquez,CHC,77,185,206,38,22,7,3,6,20,26,19,0,65,2,0,0,5,5,2,0.205
23378,Jose Barrero,CIN,48,165,174,25,20,3,0,2,13,10,9,0,76,0,0,0,4,4,1,0.152
23667,Wander Franco,TBR,83,314,344,87,58,20,3,6,46,33,26,1,33,0,4,0,5,8,0,0.277
23697,Julio Rodriguez,SEA,132,511,560,145,89,25,3,28,84,75,40,4,145,8,1,0,7,25,7,0.284
23733,Ezequiel Duran,TEX,58,208,220,49,33,10,1,5,25,25,12,0,54,0,0,0,3,4,1,0.236
23792,Alek Thomas,ARI,113,381,411,88,62,17,1,8,45,39,22,0,74,3,5,0,6,4,3,0.231
23794,Jordan Groshans,MIA,17,61,65,16,15,0,0,1,9,2,4,0,13,0,0,0,2,0,0,0.262
24400,Terrin Vavra,BAL,40,89,103,23,19,2,1,1,14,12,12,0,19,0,2,0,2,0,1,0.258
24589,Richie Palacios,CLE,54,112,123,26,20,6,0,0,7,10,9,1,20,1,1,0,2,2,0,0.232
24610,Steven Kwan,CLE,147,563,638,168,130,25,7,6,89,52,62,2,60,7,4,2,9,19,5,0.298
24617,Jarren Duran,BOS,58,204,223,45,25,14,3,3,23,17,14,0,63,4,1,0,1,7,1,0.221
24618,Ryan Jeffers,MIN,67,212,236,44,26,10,1,7,25,27,23,0,62,0,0,1,6,0,0,0.208
24655,Owen Miller,CLE,130,424,472,103,70,26,1,6,53,51,32,1,93,7,9,0,8,2,0,0.243
24679,Brendan Donovan,STL,126,391,468,110,83,21,1,5,64,45,60,1,70,14,2,1,8,2,3,0.281
24703,Jonah Bride,OAK,58,162,187,33,28,4,0,1,17,6,19,0,32,4,1,1,4,1,0,0.204
24782,David Villar,SFG,52,156,181,36,20,6,1,9,21,24,18,0,58,6,1,0,4,0,1,0.231
25055,Nate Eaton,KCR,44,106,122,28,20,4,3,1,16,12,10,0,30,2,3,1,2,11,1,0.264
25353,Michael Stefanic,LAA,25,61,69,12,10,2,0,0,5,0,5,0,12,2,0,1,1,0,0,0.197
25459,Peyton Burdick,MIA,32,92,102,19,11,4,0,4,8,11,8,0,35,2,0,0,1,1,0,0.207
25764,Bobby Witt Jr.,KCR,150,591,632,150,93,31,6,20,82,80,30,2,135,6,5,0,12,30,7,0.254
25768,CJ Abrams,- - -,90,284,302,70,54,12,2,2,33,21,5,0,50,9,2,2,5,7,4,0.246
25816,Shea Langeliers,OAK,40,142,153,31,14,10,1,6,14,22,9,0,53,0,2,0,4,0,0,0.218
25845,Michael Toglia,COL,31,111,120,24,12,8,2,2,10,12,9,0,44,0,0,0,2,1,1,0.216
25867,Ryan Kreidler,DET,26,73,84,13,11,1,0,1,8,6,6,0,22,1,2,2,0,0,1,0.178
25878,Corbin Carroll,ARI,32,104,115,27,12,9,2,4,13,14,8,0,31,3,0,0,1,2,1,0.26
25931,Michael Harris II,ATL,114,414,441,123,74,27,3,19,75,64,21,0,107,5,0,1,7,20,2,0.297
25961,Kerry Carpenter,DET,31,103,113,26,15,4,1,6,16,10,6,0,32,3,1,0,0,0,0,0.252
25976,Riley Greene,DET,93,376,418,95,68,18,4,5,46,42,36,0,120,3,3,0,8,1,4,0.253
26031,Vaughn Grissom,ATL,41,141,156,41,30,6,0,5,24,18,11,1,34,3,1,0,0,5,2,0.291
26151,Kyle Stowers,BAL,34,91,98,23,15,4,1,3,11,11,5,0,29,2,0,0,3,0,0,0.253
26197,Andrew Vaughn,CHW,134,510,555,138,92,28,1,17,60,76,31,0,96,9,5,0,13,0,0,0.271
26288,Adley Rutschman,BAL,113,398,470,101,52,35,1,13,70,42,65,0,86,4,3,0,4,4,0,0.254
26289,Gunnar Henderson,BAL,34,116,132,30,18,7,1,4,12,18,16,1,34,0,0,0,1,1,1,0.259
26294,Bryson Stott,PHI,127,427,466,100,69,19,2,10,58,49,36,0,89,1,1,1,3,12,4,0.234
26299,Josh Jung,TEX,26,98,102,20,10,4,1,5,9,14,4,0,39,0,0,0,2,2,0,0.204
26323,Spencer Steer,CIN,28,95,108,20,13,5,0,2,12,8,11,0,26,2,0,0,2,0,1,0.211
26368,J.J. Bleday,MIA,65,204,238,34,17,10,2,5,21,16,30,0,67,2,2,0,5,4,1,0.167
26396,Josh Smith,TEX,73,213,253,42,35,5,0,2,23,16,28,0,50,7,3,2,1,4,3,0.197
26466,Matt Wallner,MIN,18,57,65,13,8,3,0,2,4,10,6,1,25,2,0,0,0,1,0,0.228
27459,Yoshi Tsutsugo,PIT,50,170,193,29,23,4,0,2,11,19,19,0,50,0,4,0,3,0,0,0.171
27465,Spencer Torkelson,DET,110,360,404,73,48,16,1,8,38,28,37,0,99,5,2,0,12,0,1,0.203
27506,Ha-seong Kim,SDP,150,517,582,130,87,29,3,11,58,59,51,0,100,7,4,3,9,12,2,0.251
27555,Garrett Mitchell,MIL,28,61,68,19,14,3,0,2,9,9,6,0,28,0,0,1,0,8,0,0.311
27615,Alec Burleson,STL,16,48,53,9,7,1,0,1,4,3,5,0,9,0,0,0,1,1,0,0.188
27676,Vinnie Pasquantino,KCR,72,258,298,76,56,10,0,10,25,26,35,1,34,3,2,0,5,1,0,0.295
27684,Michael Massey,KCR,52,173,194,42,28,9,1,4,16,17,9,0,46,8,2,2,1,3,0,0.243
30116,Seiya Suzuki,CHC,111,397,446,104,66,22,2,14,54,46,42,3,110,4,3,0,8,9,5,0.262
